Album,Artist,Genre,Name,Total Time,carpeta_esquema,filename,playlist,ruta_absoluta,Album Artist,Album Rating,Album Rating Computed,Artwork Count,BPM,Bit Rate,Comments,Compilation,Composer,Date Added,Date Modified,Disc Count,Disc Number,Disliked,Explicit,File Folder Count,Kind,Library Folder Count,Location,Matched,Normalization,Persistent ID,Play Count,Play Date,Play Date UTC,Purchased,Rating,Rating Computed,Release Date,Sample Rate,Size,Skip Count,Skip Date,Sort Album,Sort Album Artist,Sort Artist,Sort Name,Track Count,Track ID,Track Number,Track Type,Year
As long as I love - Scratch - EP,TK from 凛として時雨 with 稲葉浩志,J-Rock,As long as I love,4:10,PRE_RAW,01 As long as I love.mp3,TK from 凛として時雨,D:\Códigos\Musica-Analisis\files\xml\PRE_RAW\TK from 凛として時雨.xml,TK from 凛として時雨 with 稲葉浩志,100,True,1,168,256,Se encuentra en spotify,,,2024-09-26 21:02:14,2025-10-17 06:53:43,1,1,,,5,Archivo de audio MPEG,1,file://localhost/F:/iTunes/iTunes%20Media/Music/TK%20from%20%E5%87%9B%E3%81%A8%E3%81%97%E3%81%A6%E6%99%82%E9%9B%A8%20with%20%E7%A8%B2%E8%91%89%E6%B5%A9%E5%BF%97/As%20long%20as%20I%20love%20-%20Scratch%20-%20EP/01%20As%20long%20as%20I%20love.mp3,,8653,82BDBBB324EC25A3,5,3844095500,2025-10-24 01:18:20,,100,,,44100,8177885,,,,,,,4,10685,1,File,2022
contrast - EP,TK from 凛として時雨,J-Rock,contrast,4:59,PRE_RAW,01 contrast.mp3,TK from 凛として時雨,D:\Códigos\Musica-Analisis\files\xml\PRE_RAW\TK from 凛として時雨.xml,TK from 凛として時雨,100,True,1,138,256,Se encuentra en spotify,,北嶋徹,2024-09-26 21:02:15,2025-10-17 06:53:47,1,1,,,5,Archivo de audio MPEG,1,file://localhost/F:/iTunes/iTunes%20Media/Music/TK%20from%20%E5%87%9B%E3%81%A8%E3%81%97%E3%81%A6%E6%99%82%E9%9B%A8/contrast%20-%20EP/01%20contrast.mp3,,8801,2BCABE9E688F8AA7,4,3845730574,2025-11-12 00:29:34,,100,,,44100,9639263,,,,,,,5,10693,1,File,2014
contrast - EP,TK from 凛として時雨,J-Rock,Dramatic Slow Motion,3:53,PRE_RAW,02 Dramatic Slow Motion.mp3,TK from 凛として時雨,D:\Códigos\Musica-Analisis\files\xml\PRE_RAW\TK from 凛として時雨.xml,TK from 凛として時雨,100,True,1,150,256,Se encuentra en spotify,,北嶋徹,2024-09-26 21:02:15,2025-10-17 06:53:47,1,1,,,5,Archivo de audio MPEG,1,file://localhost/F:/iTunes/iTunes%20Media/Music/TK%20from%20%E5%87%9B%E3%81%A8%E3%81%97%E3%81%A6%E6%99%82%E9%9B%A8/contrast%20-%20EP/02%20Dramatic%20Slow%20Motion.mp3,,9589,4242A699CD83DC9B,8,3843653973,2025-10-18 22:39:33,,100,,,44100,7510412,,,,,,,5,10695,2,File,2014
contrast - EP,TK from 凛として時雨,J-Rock,Crazy Tampern,3:21,PRE_RAW,03 Crazy Tampern.mp3,TK from 凛として時雨,D:\Códigos\Musica-Analisis\files\xml\PRE_RAW\TK from 凛として時雨.xml,TK from 凛として時雨,100,True,1,93,256,Se encuentra en spotify,,北嶋徹,2024-09-26 21:02:15,2025-10-17 06:53:47,1,1,,,5,Archivo de audio MPEG,1,file://localhost/F:/iTunes/iTunes%20Media/Music/TK%20from%20%E5%87%9B%E3%81%A8%E3%81%97%E3%81%A6%E6%99%82%E9%9B%A8/contrast%20-%20EP/03%20Crazy%20Tampern.mp3,,17095,2D4E9A3D52A54BCA,6,3846407010,2025-11-19 20:23:30,,100,,,44100,6488375,,,,,,,5,10697,3,File,2014
egomaniac feedback,TK from 凛として時雨 with milet,J-Rock,Future Tone Bender,3:52,PRE_RAW,2-09 Future Tone Bender.mp3,TK from 凛として時雨,D:\Códigos\Musica-Analisis\files\xml\PRE_RAW\TK from 凛として時雨.xml,TK from 凛として時雨,100,True,1,77,256,Se encuentra en spotify,,,2024-09-26 21:02:21,2025-10-17 06:53:43,2,2,,,5,Archivo de audio MPEG,1,file://localhost/F:/iTunes/iTunes%20Media/Music/TK%20from%20%E5%87%9B%E3%81%A8%E3%81%97%E3%81%A6%E6%99%82%E9%9B%A8/egomaniac%20feedback/2-09%20Future%20Tone%20Bender.mp3,,11319,F07FD9F06C3BBD1E,6,3847197627,2025-11-29 00:00:27,,100,,,44100,7509598,,,,,,,11,10735,9,File,2021
egomaniac feedback,TK from 凛として時雨,J-Rock,Wonder Palette,5:05,PRE_RAW,1-09 Wonder Palette.mp3,TK from 凛として時雨,D:\Códigos\Musica-Analisis\files\xml\PRE_RAW\TK from 凛として時雨.xml,TK from 凛として時雨,100,True,1,137,256,Se encuentra en spotify,,北嶋徹,2024-09-26 21:02:21,2025-10-17 06:53:47,2,1,,,5,Archivo de audio MPEG,1,file://localhost/F:/iTunes/iTunes%20Media/Music/TK%20from%20%E5%87%9B%E3%81%A8%E3%81%97%E3%81%A6%E6%99%82%E9%9B%A8/egomaniac%20feedback/1-09%20Wonder%20Palette.mp3,,8374,1F813984CAD5D063,8,3845733771,2025-11-12 01:22:51,,100,,,44100,9852660,,,,,,,16,10737,9,File,2016
egomaniac feedback,TK from 凛として時雨,J-Rock,memento,6:36,PRE_RAW,1-11 memento.mp3,TK from 凛として時雨,D:\Códigos\Musica-Analisis\files\xml\PRE_RAW\TK from 凛として時雨.xml,TK from 凛として時雨,100,True,1,75,256,Se encuentra en spotify,,TK,2024-09-26 21:02:21,2025-10-17 06:53:47,2,1,,,5,Archivo de audio MPEG,1,file://localhost/F:/iTunes/iTunes%20Media/Music/TK%20from%20%E5%87%9B%E3%81%A8%E3%81%97%E3%81%A6%E6%99%82%E9%9B%A8/egomaniac%20feedback/1-11%20memento.mp3,,5972,975291CAAF86C87D,3,3843122831,2025-10-12 19:07:11,,100,,,44100,12755799,,,,,,,16,10743,11,File,2018
Fantastic Magic,TK from 凛として時雨,J-Rock,Fantastic Magic,4:09,PRE_RAW,01 Fantastic Magic.mp3,TK from 凛として時雨,D:\Códigos\Musica-Analisis\files\xml\PRE_RAW\TK from 凛として時雨.xml,TK from 凛として時雨,100,True,1,148,256,Se encuentra en spotify,,,2024-09-26 21:02:23,2025-10-17 06:53:46,1,1,,,5,Archivo de audio MPEG,1,file://localhost/F:/iTunes/iTunes%20Media/Music/TK%20from%20%E5%87%9B%E3%81%A8%E3%81%97%E3%81%A6%E6%99%82%E9%9B%A8/Fantastic%20Magic/01%20Fantastic%20Magic.mp3,,17456,C5734E1ECED9C8C8,3,3845981213,2025-11-14 22:06:53,,100,,,44100,8024028,,,,,,,10,10755,1,File,2014
Fantastic Magic,TK from 凛として時雨,J-Rock,kalei de scope,3:17,PRE_RAW,03 kalei de scope.mp3,TK from 凛として時雨,D:\Códigos\Musica-Analisis\files\xml\PRE_RAW\TK from 凛として時雨.xml,TK from 凛として時雨,100,True,1,136,256,Se encuentra en spotify,,北嶋徹,2024-09-26 21:02:23,2025-10-17 06:53:46,1,1,,,5,Archivo de audio MPEG,1,file://localhost/F:/iTunes/iTunes%20Media/Music/TK%20from%20%E5%87%9B%E3%81%A8%E3%81%97%E3%81%A6%E6%99%82%E9%9B%A8/Fantastic%20Magic/03%20kalei%20de%20scope.mp3,,17870,555DAE73AAD5565D,4,3839677777,2025-09-02 22:09:37,,100,,,44100,6386463,,,,,,,10,10759,3,File,2014
Fantastic Magic,TK from 凛として時雨,J-Rock,an artist,4:01,PRE_RAW,04 an artist.mp3,TK from 凛として時雨,D:\Códigos\Musica-Analisis\files\xml\PRE_RAW\TK from 凛として時雨.xml,TK from 凛として時雨,100,True,1,129,256,Se encuentra en spotify,,北嶋徹,2024-09-26 21:02:24,2025-10-17 06:53:46,1,1,,,5,Archivo de audio MPEG,1,file://localhost/F:/iTunes/iTunes%20Media/Music/TK%20from%20%E5%87%9B%E3%81%A8%E3%81%97%E3%81%A6%E6%99%82%E9%9B%A8/Fantastic%20Magic/04%20an%20artist.mp3,,9527,58CC2A775E330DE1,2,3834836680,2025-07-08 21:24:40,,100,,,44100,7783278,,,,,,artist,10,10761,4,File,2014
Fantastic Magic,TK from 凛として時雨,J-Rock,Shinkiro,5:04,PRE_RAW,06 Shinkiro.mp3,TK from 凛として時雨,D:\Códigos\Musica-Analisis\files\xml\PRE_RAW\TK from 凛として時雨.xml,TK from 凛として時雨,100,True,1,103,256,Se encuentra en spotify,,北嶋徹,2024-09-26 21:02:24,2025-10-17 06:53:46,1,1,,,5,Archivo de audio MPEG,1,file://localhost/F:/iTunes/iTunes%20Media/Music/TK%20from%20%E5%87%9B%E3%81%A8%E3%81%97%E3%81%A6%E6%99%82%E9%9B%A8/Fantastic%20Magic/06%20Shinkiro.mp3,,3222,5D04EFEF76C4546C,4,3844173429,2025-10-24 22:57:09,,100,,,44100,9781958,,,,,,,10,10765,6,File,2014
Fantastic Magic,TK from 凛として時雨,J-Rock,Spiral Parade,4:14,PRE_RAW,08 Spiral Parade.mp3,TK from 凛として時雨,D:\Códigos\Musica-Analisis\files\xml\PRE_RAW\TK from 凛として時雨.xml,TK from 凛として時雨,100,True,1,141,256,Se encuentra en spotify,,北嶋徹,2024-09-26 21:02:25,2025-10-17 06:53:46,1,1,,,5,Archivo de audio MPEG,1,file://localhost/F:/iTunes/iTunes%20Media/Music/TK%20from%20%E5%87%9B%E3%81%A8%E3%81%97%E3%81%A6%E6%99%82%E9%9B%A8/Fantastic%20Magic/08%20Spiral%20Parade.mp3,,9207,30CB8494F1771A9F,2,3837339346,2025-08-06 20:35:46,,100,,,44100,8206256,,,,,,,10,10769,8,File,2014
first death - Single,TK from 凛として時雨,J-Rock,first death,4:01,PRE_RAW,01 first death.mp3,TK from 凛として時雨,D:\Códigos\Musica-Analisis\files\xml\PRE_RAW\TK from 凛として時雨.xml,TK from 凛として時雨,100,True,1,82,256,Se encuentra en spotify,,,2024-09-26 21:02:25,2025-10-17 06:53:46,1,1,,,5,Archivo de audio MPEG,1,file://localhost/F:/iTunes/iTunes%20Media/Music/TK%20from%20%E5%87%9B%E3%81%A8%E3%81%97%E3%81%A6%E6%99%82%E9%9B%A8/first%20death%20-%20Single/01%20first%20death.mp3,,17593,1ED2348CBE791E65,5,3844689822,2025-10-30 23:23:42,,100,,,44100,7862489,,,,,,,1,10775,1,File,2022
flowering,TK from 凛として時雨,J-Rock,flower,4:39,PRE_RAW,01 flower.mp3,TK from 凛として時雨,D:\Códigos\Musica-Analisis\files\xml\PRE_RAW\TK from 凛として時雨.xml,TK from 凛として時雨,100,True,1,135,256,Se encuentra en spotify,,Toru Kitajima,2024-09-26 21:02:25,2025-10-17 06:53:46,1,1,,,5,Archivo de audio MPEG,1,file://localhost/F:/iTunes/iTunes%20Media/Music/TK%20from%20%E5%87%9B%E3%81%A8%E3%81%97%E3%81%A6%E6%99%82%E9%9B%A8/flowering/01%20flower.mp3,,8248,8EEE56F106EC96A6,4,3844175643,2025-10-24 23:34:03,,100,,,44100,8999816,,,,,,,10,10777,1,File,2012
flowering,TK from 凛として時雨,J-Rock,Abnormal trick,4:01,PRE_RAW,02 Abnormal trick.mp3,TK from 凛として時雨,D:\Códigos\Musica-Analisis\files\xml\PRE_RAW\TK from 凛として時雨.xml,TK from 凛として時雨,100,True,1,83,256,Se encuentra en spotify,,,2024-09-26 21:02:25,2025-10-17 06:53:46,1,1,,,5,Archivo de audio MPEG,1,file://localhost/F:/iTunes/iTunes%20Media/Music/TK%20from%20%E5%87%9B%E3%81%A8%E3%81%97%E3%81%A6%E6%99%82%E9%9B%A8/flowering/02%20Abnormal%20trick.mp3,,18573,EC88CA6D23314DB3,3,3837429467,2025-08-07 21:37:47,,100,,,44100,7771860,,,,,,,10,10779,2,File,2012
flowering,TK from 凛として時雨,J-Rock,haze,3:58,PRE_RAW,03 haze.mp3,TK from 凛として時雨,D:\Códigos\Musica-Analisis\files\xml\PRE_RAW\TK from 凛として時雨.xml,TK from 凛として時雨,100,True,1,88,256,Se encuentra en spotify,,,2024-09-26 21:02:26,2025-10-17 06:53:46,1,1,,,5,Archivo de audio MPEG,1,file://localhost/F:/iTunes/iTunes%20Media/Music/TK%20from%20%E5%87%9B%E3%81%A8%E3%81%97%E3%81%A6%E6%99%82%E9%9B%A8/flowering/03%20haze.mp3,,11501,3E400A6B311F031C,4,3834336902,2025-07-03 02:35:02,,100,,,44100,7693274,,,,,,,10,10781,3,File,2012
flowering,TK from 凛として時雨,J-Rock,phase to phrase,3:29,PRE_RAW,04 phase to phrase.mp3,TK from 凛として時雨,D:\Códigos\Musica-Analisis\files\xml\PRE_RAW\TK from 凛として時雨.xml,TK from 凛として時雨,100,True,1,146,256,Se encuentra en spotify,,,2024-09-26 21:02:26,2025-10-17 06:53:46,1,1,,,5,Archivo de audio MPEG,1,file://localhost/F:/iTunes/iTunes%20Media/Music/TK%20from%20%E5%87%9B%E3%81%A8%E3%81%97%E3%81%A6%E6%99%82%E9%9B%A8/flowering/04%20phase%20to%20phrase.mp3,,12607,2D9D1557A9596F7F,6,3841243551,2025-09-21 01:05:51,,100,,,44100,6762908,,,,,,,10,10783,4,File,2012
flowering,TK from 凛として時雨,J-Rock,white silence,6:58,PRE_RAW,05 white silence.mp3,TK from 凛として時雨,D:\Códigos\Musica-Analisis\files\xml\PRE_RAW\TK from 凛として時雨.xml,TK from 凛として時雨,100,True,1,170,256,Se encuentra en spotify,,Toru Kitajima,2024-09-26 21:02:26,2025-10-17 06:53:46,1,1,,,5,Archivo de audio MPEG,1,file://localhost/F:/iTunes/iTunes%20Media/Music/TK%20from%20%E5%87%9B%E3%81%A8%E3%81%97%E3%81%A6%E6%99%82%E9%9B%A8/flowering/05%20white%20silence.mp3,,1848,B39A43BBBBDE6BCB,2,3825244340,2025-03-19 21:52:20,,100,,,44100,13433534,,,,,,,10,10785,5,File,2012
flowering,TK from 凛として時雨,J-Rock,12th laser,2:38,PRE_RAW,06 12th laser.mp3,TK from 凛として時雨,D:\Códigos\Musica-Analisis\files\xml\PRE_RAW\TK from 凛として時雨.xml,TK from 凛として時雨,100,True,1,145,256,Se encuentra en spotify,,TK,2024-09-26 21:02:27,2025-10-17 06:53:45,1,1,,,5,Archivo de audio MPEG,1,file://localhost/F:/iTunes/iTunes%20Media/Music/TK%20from%20%E5%87%9B%E3%81%A8%E3%81%97%E3%81%A6%E6%99%82%E9%9B%A8/flowering/06%2012th%20laser.mp3,,17407,C7AB77C09123B37B,5,3844236679,2025-10-25 16:31:19,,100,,,44100,5110292,1,2025-10-01 04:45:37,flowering,,,12th laser,10,10787,6,File,2012
flowering,TK from 凛として時雨,J-Rock,film A moment,7:11,PRE_RAW,07 film A moment.mp3,TK from 凛として時雨,D:\Códigos\Musica-Analisis\files\xml\PRE_RAW\TK from 凛として時雨.xml,TK from 凛として時雨,100,True,1,75,256,Se encuentra en spotify,,Toru Kitajima,2024-09-26 21:02:27,2025-10-17 06:53:45,1,1,,,5,Archivo de audio MPEG,1,file://localhost/F:/iTunes/iTunes%20Media/Music/TK%20from%20%E5%87%9B%E3%81%A8%E3%81%97%E3%81%A6%E6%99%82%E9%9B%A8/flowering/07%20film%20A%20moment.mp3,,8335,2FD027C69F530BE6,3,3828951892,2025-05-01 18:44:52,,100,,,44100,13845129,,,,,,,10,10789,7,File,2012
P.S. RED I - Single,TK from 凛として時雨,J-Rock,P.S. RED I,4:19,PRE_RAW,01 P.S. RED I.mp3,TK from 凛として時雨,D:\Códigos\Musica-Analisis\files\xml\PRE_RAW\TK from 凛として時雨.xml,TK from 凛として時雨,100,True,1,149,256,Se encuentra en spotify,,,2024-09-26 21:02:28,2025-10-17 06:53:45,1,1,,,5,Archivo de audio MPEG,1,file://localhost/F:/iTunes/iTunes%20Media/Music/TK%20from%20%E5%87%9B%E3%81%A8%E3%81%97%E3%81%A6%E6%99%82%E9%9B%A8/P.S.%20RED%20I%20-%20Single/01%20P.S.%20RED%20I.mp3,,13243,C87BD0539B550314,5,3846061749,2025-11-15 20:29:09,,100,,,44100,8426885,,,,,,,3,10797,1,File,2019
P.S. RED I - Single,TK from 凛として時雨,J-Rock,moving on,4:38,PRE_RAW,02 moving on.mp3,TK from 凛として時雨,D:\Códigos\Musica-Analisis\files\xml\PRE_RAW\TK from 凛として時雨.xml,TK from 凛として時雨,100,True,1,161,256,Se encuentra en spotify,,TK from 凛として時雨,2024-09-26 21:02:28,2025-10-17 06:53:45,1,1,,,5,Archivo de audio MPEG,1,file://localhost/F:/iTunes/iTunes%20Media/Music/TK%20from%20%E5%87%9B%E3%81%A8%E3%81%97%E3%81%A6%E6%99%82%E9%9B%A8/P.S.%20RED%20I%20-%20Single/02%20moving%20on.mp3,,13273,BF535D4A878F2254,3,3840004955,2025-09-06 17:02:35,,100,,,44100,9032925,,,,,,,3,10799,2,File,2019
Secret Sensation - EP,TK from 凛として時雨,J-Rock,Secret Sensation,4:54,PRE_RAW,01 Secret Sensation.mp3,TK from 凛として時雨,D:\Códigos\Musica-Analisis\files\xml\PRE_RAW\TK from 凛として時雨.xml,TK from 凛として時雨,100,True,1,140,256,Se encuentra en spotify,,北嶋徹,2024-09-26 21:02:28,2025-10-17 06:53:45,1,1,,,5,Archivo de audio MPEG,1,file://localhost/F:/iTunes/iTunes%20Media/Music/TK%20from%20%E5%87%9B%E3%81%A8%E3%81%97%E3%81%A6%E6%99%82%E9%9B%A8/Secret%20Sensation%20-%20EP/01%20Secret%20Sensation.mp3,,14129,11D5D03BC775DB7A,5,3835876286,2025-07-20 22:11:26,,100,,,44100,9476752,,,,,,,5,10803,1,File,2016
Secret Sensation - EP,TK from 凛として時雨,J-Rock,subliminal,4:21,PRE_RAW,02 subliminal.mp3,TK from 凛として時雨,D:\Códigos\Musica-Analisis\files\xml\PRE_RAW\TK from 凛として時雨.xml,TK from 凛として時雨,100,True,1,132,256,Se encuentra en spotify,,北嶋徹,2024-09-26 21:02:28,2025-10-17 06:53:45,1,1,,,5,Archivo de audio MPEG,1,file://localhost/F:/iTunes/iTunes%20Media/Music/TK%20from%20%E5%87%9B%E3%81%A8%E3%81%97%E3%81%A6%E6%99%82%E9%9B%A8/Secret%20Sensation%20-%20EP/02%20subliminal.mp3,,17876,2071947A1AE6DD89,5,3842296051,2025-10-03 05:27:31,,100,,,44100,8419309,,,,,,,5,10805,2,File,2016
Secret Sensation - EP,TK from 凛として時雨,J-Rock,ear+f,4:39,PRE_RAW,03 ear+f.mp3,TK from 凛として時雨,D:\Códigos\Musica-Analisis\files\xml\PRE_RAW\TK from 凛として時雨.xml,TK from 凛として時雨,100,True,1,140,256,Se encuentra en spotify,,北嶋徹,2024-09-26 21:02:29,2025-10-17 06:53:45,1,1,,,5,Archivo de audio MPEG,1,file://localhost/F:/iTunes/iTunes%20Media/Music/TK%20from%20%E5%87%9B%E3%81%A8%E3%81%97%E3%81%A6%E6%99%82%E9%9B%A8/Secret%20Sensation%20-%20EP/03%20ear+f.mp3,,16499,35FBC0D2ED7D86DE,1,3833267674,2025-06-20 17:34:34,,100,,,44100,9020329,,,,,,,5,10807,3,File,2016
unravel (n-buna from ヨルシカ Remix) - Exhibition edit - Single,TK from 凛として時雨,J-Rock,unravel (n-buna from ヨルシカ Remix) - Exhibition edit,3:25,PRE_RAW,01 unravel (n-buna from ヨルシカ Remix).mp3,TK from 凛として時雨,D:\Códigos\Musica-Analisis\files\xml\PRE_RAW\TK from 凛として時雨.xml,TK from 凛として時雨,100,True,1,135,256,Se encuentra en spotify,,,2024-09-26 21:02:30,2025-10-17 06:53:44,1,1,,,5,Archivo de audio MPEG,1,file://localhost/F:/iTunes/iTunes%20Media/Music/TK%20from%20%E5%87%9B%E3%81%A8%E3%81%97%E3%81%A6%E6%99%82%E9%9B%A8/unravel%20(n-buna%20from%20%E3%83%A8%E3%83%AB%E3%82%B7%E3%82%AB%20Remix)%20-%20Exhib/01%20unravel%20(n-buna%20from%20%E3%83%A8%E3%83%AB%E3%82%B7%E3%82%AB%20Remix).mp3,,7200,1AC9BCCF3AD91D85,5,3847271239,2025-11-29 20:27:19,,100,,,44100,6671855,,,,,,,1,10813,1,File,2021
unravel - Single,TK from 凛として時雨,J-Rock,Fu re te Fu re ru,3:38,PRE_RAW,02 Fu re te Fu re ru.mp3,TK from 凛として時雨,D:\Códigos\Musica-Analisis\files\xml\PRE_RAW\TK from 凛として時雨.xml,TK from 凛として時雨,100,True,1,95,256,Se encuentra en spotify,,TK,2024-09-26 21:02:30,2025-10-17 06:53:44,1,1,,,5,Archivo de audio MPEG,1,file://localhost/F:/iTunes/iTunes%20Media/Music/TK%20from%20%E5%87%9B%E3%81%A8%E3%81%97%E3%81%A6%E6%99%82%E9%9B%A8/unravel%20-%20Single/02%20Fu%20re%20te%20Fu%20re%20ru.mp3,,19097,70A0ED89A13679F2,5,3844359831,2025-10-27 03:43:51,,100,,,44100,7076448,,,,,,,3,10817,2,File,2014
white noise,TK from 凛として時雨,J-Rock,dead end complex,4:32,PRE_RAW,03 dead end complex.mp3,TK from 凛として時雨,D:\Códigos\Musica-Analisis\files\xml\PRE_RAW\TK from 凛として時雨.xml,TK from 凛として時雨,100,True,1,76,256,No está en spotify,,北嶋徹,2024-09-26 21:02:31,2025-10-17 06:45:46,1,1,,,5,Archivo de audio MPEG,1,file://localhost/F:/iTunes/iTunes%20Media/Music/TK%20from%20%E5%87%9B%E3%81%A8%E3%81%97%E3%81%A6%E6%99%82%E9%9B%A8/white%20noise/03%20dead%20end%20complex.mp3,,12783,F103464E2050A3EF,5,3830026388,2025-05-14 05:13:08,,100,,,44100,8777908,,,,,,,10,10825,3,File,2016
white noise,TK from 凛として時雨,J-Rock,Addictive Dancer,4:55,PRE_RAW,04 Addictive Dancer.mp3,TK from 凛として時雨,D:\Códigos\Musica-Analisis\files\xml\PRE_RAW\TK from 凛として時雨.xml,TK from 凛として時雨,100,True,1,135,256,No está en spotify,,北嶋徹,2024-09-26 21:02:32,2025-10-17 06:45:46,1,1,,,5,Archivo de audio MPEG,1,file://localhost/F:/iTunes/iTunes%20Media/Music/TK%20from%20%E5%87%9B%E3%81%A8%E3%81%97%E3%81%A6%E6%99%82%E9%9B%A8/white%20noise/04%20Addictive%20Dancer.mp3,,15386,B9DAF0419C93FB65,5,3847259572,2025-11-29 17:12:52,,100,,,44100,9519367,,,,,,,10,10827,4,File,2016
white noise,TK from 凛として時雨,J-Rock,white out,5:05,PRE_RAW,05 white out.mp3,TK from 凛として時雨,D:\Códigos\Musica-Analisis\files\xml\PRE_RAW\TK from 凛として時雨.xml,TK from 凛として時雨,100,True,1,141,256,No está en spotify,,北嶋徹,2024-09-26 21:02:32,2025-10-17 06:45:46,1,1,,,5,Archivo de audio MPEG,1,file://localhost/F:/iTunes/iTunes%20Media/Music/TK%20from%20%E5%87%9B%E3%81%A8%E3%81%97%E3%81%A6%E6%99%82%E9%9B%A8/white%20noise/05%20white%20out.mp3,,12055,CDA90527876F6155,6,3845709106,2025-11-11 18:31:46,,100,,,44100,9856235,,,,,,,10,10829,5,File,2016
white noise,TK from 凛として時雨,J-Rock,Showcase Reflection,3:46,PRE_RAW,07 Showcase Reflection.mp3,TK from 凛として時雨,D:\Códigos\Musica-Analisis\files\xml\PRE_RAW\TK from 凛として時雨.xml,TK from 凛として時雨,100,True,1,82,256,No está en spotify,,北嶋徹,2024-09-26 21:02:32,2025-10-17 06:45:46,1,1,,,5,Archivo de audio MPEG,1,file://localhost/F:/iTunes/iTunes%20Media/Music/TK%20from%20%E5%87%9B%E3%81%A8%E3%81%97%E3%81%A6%E6%99%82%E9%9B%A8/white%20noise/07%20Showcase%20Reflection.mp3,,21746,8B5340A437F84594,2,3835694963,2025-07-18 19:49:23,,100,,,44100,7305023,1,2025-08-29 01:34:03,,,,,10,10833,7,File,2016
white noise,TK from 凛として時雨,J-Rock,invalid phrase,5:36,PRE_RAW,10 invalid phrase.mp3,TK from 凛として時雨,D:\Códigos\Musica-Analisis\files\xml\PRE_RAW\TK from 凛として時雨.xml,TK from 凛として時雨,100,True,1,122,256,No está en spotify,,北嶋徹,2024-09-26 21:02:33,2025-10-17 06:45:46,1,1,,,5,Archivo de audio MPEG,1,file://localhost/F:/iTunes/iTunes%20Media/Music/TK%20from%20%E5%87%9B%E3%81%A8%E3%81%97%E3%81%A6%E6%99%82%E9%9B%A8/white%20noise/10%20invalid%20phrase.mp3,,13851,80F0FDB10AC251EA,12,3846178182,2025-11-17 04:49:42,,100,,,44100,10834266,,,,,,,10,10839,10,File,2016
yesworld - EP,TK from 凛として時雨,J-Rock,yesworld,4:48,PRE_RAW,01 yesworld.mp3,TK from 凛として時雨,D:\Códigos\Musica-Analisis\files\xml\PRE_RAW\TK from 凛として時雨.xml,TK from 凛として時雨,100,True,1,139,256,Se encuentra en spotify,,,2024-09-26 21:02:33,2025-10-17 06:53:44,1,1,,,5,Archivo de audio MPEG,1,file://localhost/F:/iTunes/iTunes%20Media/Music/TK%20from%20%E5%87%9B%E3%81%A8%E3%81%97%E3%81%A6%E6%99%82%E9%9B%A8/yesworld%20-%20EP/01%20yesworld.mp3,,11846,93329B9937607377,5,3841815869,2025-09-27 16:04:29,,100,,,44100,9280537,,,,,,,5,10841,1,File,2021
彩脳,TK from 凛として時雨,J-Rock,鶴の仕返し,4:45,PRE_RAW,04 鶴の仕返し.mp3,TK from 凛として時雨,D:\Códigos\Musica-Analisis\files\xml\PRE_RAW\TK from 凛として時雨.xml,TK from 凛として時雨,100,True,1,135,256,Se encuentra en spotify,,"Tk, Tk",2024-09-26 21:02:36,2025-10-17 06:53:44,1,1,,,5,Archivo de audio MPEG,1,file://localhost/F:/iTunes/iTunes%20Media/Music/TK%20from%20%E5%87%9B%E3%81%A8%E3%81%97%E3%81%A6%E6%99%82%E9%9B%A8/%E5%BD%A9%E8%84%B3/04%20%E9%B6%B4%E3%81%AE%E4%BB%95%E8%BF%94%E3%81%97.mp3,,7110,E6FFA7988DCB581A,3,3844164410,2025-10-24 20:26:50,,100,,,44100,9280236,,,,,,,13,10859,4,File,2020
UN-APEX,TK from 凛として時雨,J-Rock,UN-APEX,4:20,PRE_RAW,01 UN-APEX.mp3,TK from 凛として時雨,D:\Códigos\Musica-Analisis\files\xml\PRE_RAW\TK from 凛として時雨.xml,TK from 凛として時雨,100,True,1,136,320,Se encuentra en spotify,,,2025-01-15 23:34:15,2025-10-17 06:53:44,1,1,,,5,Archivo de audio MPEG,1,file://localhost/F:/iTunes/iTunes%20Media/Music/TK%20from%20%E5%87%9B%E3%81%A8%E3%81%97%E3%81%A6%E6%99%82%E9%9B%A8/UN-APEX/01%20UN-APEX.mp3,,13558,EC45F28118028E17,7,3844080067,2025-10-23 21:01:07,,100,,,44100,10703497,,,,,,,1,11795,1,File,2025
Signal - Single,TK from 凛として時雨,J-Rock,Signal,5:19,PRE_RAW,01 Signal.m4a,TK from 凛として時雨,D:\Códigos\Musica-Analisis\files\xml\PRE_RAW\TK from 凛として時雨.xml,TK from 凛として時雨,100,True,1,84,320,Se encuentra en spotify,,Toru Kitajima,2025-01-18 01:36:47,2025-10-17 06:53:45,1,1,,,5,Archivo de audio AAC,1,file://localhost/F:/iTunes/iTunes%20Media/Music/TK%20from%20%E5%87%9B%E3%81%A8%E3%81%97%E3%81%A6%E6%99%82%E9%9B%A8/Signal%20-%20Single/01%20Signal.m4a,,12516,A42B23BD0C6AEAFB,3,3844432619,2025-10-27 23:56:59,,100,,2016-09-07 12:00:00,48000,12975989,,,,,,,3,14419,1,File,2016
will-ill - Single,TK from 凛として時雨,J-Rock,will-ill,5:09,PRE_RAW,01 will-ill.m4a,TK from 凛として時雨,D:\Códigos\Musica-Analisis\files\xml\PRE_RAW\TK from 凛として時雨.xml,TK from 凛として時雨,100,True,1,137,317,Se encuentra en spotify,,,2025-01-18 01:36:47,2025-10-17 06:53:44,1,1,,,5,Archivo de audio AAC,1,file://localhost/F:/iTunes/iTunes%20Media/Music/TK%20from%20%E5%87%9B%E3%81%A8%E3%81%97%E3%81%A6%E6%99%82%E9%9B%A8/will-ill%20-%20Single/01%20will-ill.m4a,,11775,90B3550EBF67A9F6,3,3843127284,2025-10-12 20:21:24,,100,,2021-10-13 12:00:00,48000,12438157,,,,,,,3,14423,1,File,2021
Signal - Single,TK from 凛として時雨,J-Rock,Shandy,4:36,PRE_RAW,02 Shandy.m4a,TK from 凛として時雨,D:\Códigos\Musica-Analisis\files\xml\PRE_RAW\TK from 凛として時雨.xml,TK from 凛として時雨,100,True,1,165,320,Se encuentra en spotify,,北嶋徹,2025-01-18 01:36:47,2025-10-17 06:53:45,1,1,,,5,Archivo de audio AAC,1,file://localhost/F:/iTunes/iTunes%20Media/Music/TK%20from%20%E5%87%9B%E3%81%A8%E3%81%97%E3%81%A6%E6%99%82%E9%9B%A8/Signal%20-%20Single/02%20Shandy.m4a,,14879,8B616065FA4EFA59,4,3835527518,2025-07-16 21:18:38,,100,,2016-09-07 12:00:00,48000,11229454,,,,,,,3,14425,2,File,2016
katharsis - EP,TK from 凛として時雨,J-Rock,katharsis,4:26,PRE_RAW,01 katharsis.m4a,TK from 凛として時雨,D:\Códigos\Musica-Analisis\files\xml\PRE_RAW\TK from 凛として時雨.xml,TK from 凛として時雨,100,True,1,72,317,Se encuentra en spotify,,TK,2025-01-18 01:39:32,2025-10-17 06:53:45,1,1,,,5,Archivo de audio AAC,1,file://localhost/F:/iTunes/iTunes%20Media/Music/TK%20from%20%E5%87%9B%E3%81%A8%E3%81%97%E3%81%A6%E6%99%82%E9%9B%A8/katharsis%20-%20EP/01%20katharsis.m4a,,10575,46684902AAAF7364,10,3845292947,2025-11-06 22:55:47,,100,,2018-10-10 12:00:00,48000,10691148,,,,,,,4,14433,1,File,2018
melt - Single,TK from 凛として時雨 with suis from Yorushika,J-Rock,melt,4:38,PRE_RAW,01 melt.m4a,TK from 凛として時雨,D:\Códigos\Musica-Analisis\files\xml\PRE_RAW\TK from 凛として時雨.xml,TK from 凛として時雨 with suis from Yorushika,100,True,1,127,321,Se encuentra en spotify,,,2025-01-18 01:41:11,2025-10-17 06:53:43,1,1,,,5,Archivo de audio AAC,1,file://localhost/F:/iTunes/iTunes%20Media/Music/TK%20from%20%E5%87%9B%E3%81%A8%E3%81%97%E3%81%A6%E6%99%82%E9%9B%A8%20with%20suis%20from%20Yorushika/melt%20-%20Single/01%20melt.m4a,,5965,7EEA39E579B50D3B,2,3847189642,2025-11-28 21:47:22,,100,,2019-10-02 12:00:00,48000,11411451,,,,,,,1,14437,1,File,2019
蝶の飛ぶ水槽 - Single,TK from 凛として時雨,J-Rock,蝶の飛ぶ水槽,6:01,PRE_RAW,01 蝶の飛ぶ水槽.m4a,TK from 凛として時雨,D:\Códigos\Musica-Analisis\files\xml\PRE_RAW\TK from 凛として時雨.xml,TK from 凛として時雨,100,True,1,135,319,Se encuentra en spotify,,TK,2025-01-18 01:50:42,2025-10-17 06:53:43,1,1,,,5,Archivo de audio AAC,1,file://localhost/F:/iTunes/iTunes%20Media/Music/TK%20from%20%E5%87%9B%E3%81%A8%E3%81%97%E3%81%A6%E6%99%82%E9%9B%A8/%E8%9D%B6%E3%81%AE%E9%A3%9B%E3%81%B6%E6%B0%B4%E6%A7%BD%20-%20Single/01%20%E8%9D%B6%E3%81%AE%E9%A3%9B%E3%81%B6%E6%B0%B4%E6%A7%BD.m4a,,8247,BA630DCB7DE317F4,3,3843563367,2025-10-17 21:29:27,,100,,2020-01-07 12:00:00,48000,14644684,,,,,,,1,14441,1,File,2020
彩脳 -TK Side- - Single,TK from 凛として時雨,J-Rock,彩脳 -TK Side-,4:34,PRE_RAW,01 彩脳 -TK Side-.m4a,TK from 凛として時雨,D:\Códigos\Musica-Analisis\files\xml\PRE_RAW\TK from 凛として時雨.xml,TK from 凛として時雨,100,True,1,82,325,Se encuentra en spotify,,,2025-01-18 01:51:35,2025-10-17 06:53:43,1,1,,,5,Archivo de audio AAC,1,file://localhost/F:/iTunes/iTunes%20Media/Music/TK%20from%20%E5%87%9B%E3%81%A8%E3%81%97%E3%81%A6%E6%99%82%E9%9B%A8/%E5%BD%A9%E8%84%B3%20-TK%20Side-%20-%20Single/01%20%E5%BD%A9%E8%84%B3%20-TK%20Side-.m4a,,8107,75689DF249CA3A6A,1,3827498707,2025-04-14 23:05:07,,100,,2020-04-22 12:00:00,48000,11383831,,,,,,,1,14443,1,File,2020
誰我為 - EP,TK from 凛として時雨,J-Rock,誰我為,4:28,PRE_RAW,01 誰我為.m4a,TK from 凛として時雨,D:\Códigos\Musica-Analisis\files\xml\PRE_RAW\TK from 凛として時雨.xml,TK from 凛として時雨,100,True,1,138,321,Se encuentra en spotify,,,2025-01-18 02:02:49,2025-10-17 06:53:43,1,1,,,5,Archivo de audio AAC,1,file://localhost/F:/iTunes/iTunes%20Media/Music/TK%20from%20%E5%87%9B%E3%81%A8%E3%81%97%E3%81%A6%E6%99%82%E9%9B%A8/%E8%AA%B0%E6%88%91%E7%82%BA%20-%20EP/01%20%E8%AA%B0%E6%88%91%E7%82%BA.m4a,,12749,23A425CAE105FEB9,5,3847090866,2025-11-27 18:21:06,,100,,2024-05-04 12:00:00,48000,10984570,,,,,,,4,14449,1,File,2024
誰我為 - EP,TK from 凛として時雨,J-Rock,クジャクジャノマアムアイア -TV edit-,2:21,PRE_RAW,02 クジャクジャノマアムアイア -TV edit-.m4a,TK from 凛として時雨,D:\Códigos\Musica-Analisis\files\xml\PRE_RAW\TK from 凛として時雨.xml,TK from 凛として時雨,100,True,1,156,320,Se encuentra en spotify,,,2025-01-18 02:02:49,2025-10-17 06:53:43,1,1,,,5,Archivo de audio AAC,1,file://localhost/F:/iTunes/iTunes%20Media/Music/TK%20from%20%E5%87%9B%E3%81%A8%E3%81%97%E3%81%A6%E6%99%82%E9%9B%A8/%E8%AA%B0%E6%88%91%E7%82%BA%20-%20EP/02%20%E3%82%AF%E3%82%B8%E3%83%A3%E3%82%AF%E3%82%B8%E3%83%A3%E3%83%8E%E3%83%9E%E3%82%A2%E3%83%A0%E3%82%A2%E3%82%A4%E3%82%A2%20-TV%20edit-.m4a,,11256,0D8D602C1A74D5E2,1,3825780147,2025-03-26 02:42:27,,100,,2023-12-20 12:00:00,48000,5804692,,,,,,,4,14451,2,File,2023
Whose Blue,TK from 凛として時雨 & suis from Yorushika,J-Rock,Synchrome,3:43,PRE_RAW,02 Synchrome.mp3,TK from 凛として時雨,D:\Códigos\Musica-Analisis\files\xml\PRE_RAW\TK from 凛として時雨.xml,TK from 凛として時雨,100,True,1,82,256,Se encuentra en spotify,,,2025-04-24 20:18:44,2025-10-17 06:53:43,1,1,,,5,Archivo de audio MPEG,1,file://localhost/F:/iTunes/iTunes%20Media/Music/TK%20from%20%E5%87%9B%E3%81%A8%E3%81%97%E3%81%A6%E6%99%82%E9%9B%A8/Whose%20Blue/02%20Synchrome.mp3,,11587,A0C52C9FD1A95862,2,3835539135,2025-07-17 00:32:15,,100,,,44100,7235529,,,,,,,12,25555,2,File,2025
Whose Blue,TK from 凛として時雨,J-Rock,Microwaver,3:53,PRE_RAW,09 Microwaver.mp3,TK from 凛として時雨,D:\Códigos\Musica-Analisis\files\xml\PRE_RAW\TK from 凛として時雨.xml,TK from 凛として時雨,100,True,1,75,256,Se encuentra en spotify,,,2025-04-24 20:18:44,2025-10-17 06:53:44,1,1,,,5,Archivo de audio MPEG,1,file://localhost/F:/iTunes/iTunes%20Media/Music/TK%20from%20%E5%87%9B%E3%81%A8%E3%81%97%E3%81%A6%E6%99%82%E9%9B%A8/Whose%20Blue/09%20Microwaver.mp3,,13613,0D843488031C7A86,7,3842279372,2025-10-03 00:49:32,,100,,,44100,7558987,,,,,,,12,25569,9,File,2025
Restricted Archive VS. TK (Ling tosite sigure) - Single,Tokyo Ska Paradise Orchestra feat. TK from 凛として時雨,Ska,Restricted Archive,3:50,PRE_RAW,01 Restricted Archive.mp3,TK from 凛として時雨,D:\Códigos\Musica-Analisis\files\xml\PRE_RAW\TK from 凛として時雨.xml,Tokyo Ska Paradise Orchestra feat. TK from 凛として時雨,100,True,1,116,256,Se encuentra en spotify,,,2025-07-01 21:30:06,2025-10-17 06:53:42,1,1,,,5,Archivo de audio MPEG,1,file://localhost/F:/iTunes/iTunes%20Media/Music/Tokyo%20Ska%20Paradise%20Orchestra%20feat.%20TK%20fr/Restricted%20Archive%20VS.%20TK%20(Ling%20tosite%20s/01%20Restricted%20Archive.mp3,,16376,CB3B81DA832E9DEA,14,3845976221,2025-11-14 20:43:41,,100,,,44100,7498473,,,,,,,1,27739,1,File,2025
